[{"PrUsrName":"Coco GODD","PrNomi":"PSIcEnJ0LDOTyl0TjsQ7Yg==","PrPWD":"+9wo3cYnZwC5wSJbleSNhA==","PrCourse":["Avanzada 2","Diseno sistemas"],"PrDivition":"Software"},{"PrUsrName":"Angel Bambrila","PrNomi":"JvHPRCv0L2mtiXlIpFN85Q==","PrPWD":"DLjO0pULyiAZ/Ifgo8qykQ==","PrCourse":["Cybersecurity","Programacion avanzada"],"PrDivition":"Software"},{"PrUsrName":"Susana Ferrer","PrNomi":"JvHPRCv0L2mtiXlIpFN85Q==","PrPWD":"yqIRwFf9rfOMBwbqDP3hDg==","PrCourse":["Programacion movil","Proyecto 1","Proyecto 2"],"PrDivition":"Software"},{"PrUsrName":"Andres Molina","PrNomi":"A9P4UpTmK0rX+/YVSzWnHA==","PrPWD":"c+Jxyr+xI3H2E44XSGMqFw==","PrCourse":["Embebidos 1","Programacion 1","Programacion 2"],"PrDivition":"Electronica"}]